{"1_3287$_$0": {"true": 1.0, "pred": 1.2121129035949707}, "1_672$_$0": {"true": -1.0, "pred": -0.8807666301727295}, "1_11120$_$0": {"true": -1.0, "pred": 1.04183030128479}, "1_3837$_$0": {"true": -1.0, "pred": 1.0909541845321655}, "1_3842$_$0": {"true": -1.0, "pred": 0.9714006185531616}, "1_7641$_$0": {"true": -1.0, "pred": 0.9192196130752563}, "1_175$_$0": {"true": 1.0, "pred": 1.1794178485870361}, "1_4743$_$0": {"true": 1.0, "pred": 1.150315523147583}, "1_3333$_$0": {"true": -1.0, "pred": 1.1718711853027344}, "1_6426$_$0": {"true": 1.0, "pred": 1.0057547092437744}, "1_3599$_$0": {"true": -1.0, "pred": 0.11814439296722412}, "1_2198$_$0": {"true": 1.0, "pred": 1.2584136724472046}, "1_3293$_$0": {"true": 1.0, "pred": 0.9932687878608704}, "1_11378$_$0": {"true": 1.0, "pred": -0.640225887298584}, "1_507$_$0": {"true": 1.0, "pred": 0.9129623770713806}, "1_6020$_$0": {"true": 1.0, "pred": 1.1591309309005737}, "1_5580$_$0": {"true": 1.0, "pred": 1.2737149000167847}, "1_11046$_$0": {"true": -1.0, "pred": 0.86444091796875}, "1_4850$_$0": {"true": -1.0, "pred": 0.9309553503990173}, "1_5058$_$0": {"true": 1.0, "pred": 1.183152437210083}, "1_6683$_$0": {"true": 1.0, "pred": 1.2718406915664673}, "1_971$_$0": {"true": 1.0, "pred": 0.7668375372886658}, "1_7281$_$0": {"true": 1.0, "pred": 1.229140281677246}, "1_4792$_$0": {"true": -1.0, "pred": 1.1681102514266968}, "1_60$_$0": {"true": 1.0, "pred": 1.298730731010437}, "1_7487$_$0": {"true": -1.0, "pred": 1.0307868719100952}, "1_2423$_$0": {"true": -1.0, "pred": 1.1763010025024414}, "1_6065$_$0": {"true": 1.0, "pred": 1.016375184059143}, "1_10829$_$0": {"true": 1.0, "pred": 0.3833636939525604}, "1_7490$_$0": {"true": -1.0, "pred": 0.8734915852546692}, "1_3840$_$0": {"true": -1.0, "pred": 0.3418676257133484}, "1_7575$_$0": {"true": 1.0, "pred": 1.0255777835845947}, "1_6032$_$0": {"true": 1.0, "pred": 0.553248941898346}, "1_10496$_$0": {"true": 1.0, "pred": 1.0642364025115967}, "1_9594$_$0": {"true": -1.0, "pred": -0.8441347479820251}, "1_11924$_$0": {"true": 1.0, "pred": -0.7282713651657104}, "1_6534$_$0": {"true": -1.0, "pred": 1.2901281118392944}, "1_5572$_$0": {"true": 1.0, "pred": 1.2259743213653564}, "1_4286$_$0": {"true": -1.0, "pred": -0.921402633190155}, "1_8078$_$0": {"true": -1.0, "pred": -0.8737733364105225}, "1_11901$_$0": {"true": 1.0, "pred": -0.3024177551269531}, "1_6504$_$0": {"true": 1.0, "pred": 1.0136100053787231}, "1_4352$_$0": {"true": -1.0, "pred": -0.32794424891471863}, "1_5679$_$0": {"true": 1.0, "pred": 1.2105687856674194}, "1_6370$_$0": {"true": 1.0, "pred": -0.1345163732767105}, "1_6211$_$0": {"true": -1.0, "pred": 1.1564747095108032}, "1_10977$_$0": {"true": -1.0, "pred": -0.8120394349098206}, "1_6113$_$0": {"true": -1.0, "pred": 1.0890928506851196}, "1_162$_$0": {"true": -1.0, "pred": 1.3538618087768555}, "1_7186$_$0": {"true": -1.0, "pred": 0.16971220076084137}, "1_4290$_$0": {"true": -1.0, "pred": -0.8392320275306702}, "1_6766$_$0": {"true": -1.0, "pred": 0.658877968788147}, "1_7089$_$0": {"true": 1.0, "pred": 0.5992243885993958}, "1_506$_$0": {"true": -1.0, "pred": 1.3994390964508057}, "1_5571$_$0": {"true": 1.0, "pred": 1.242358684539795}, "1_1772$_$0": {"true": 1.0, "pred": 1.2801580429077148}, "1_8417$_$0": {"true": -1.0, "pred": 0.47756823897361755}, "1_7442$_$0": {"true": -1.0, "pred": 1.1378453969955444}, "1_6472$_$0": {"true": 1.0, "pred": 1.3016105890274048}, "1_11529$_$0": {"true": -1.0, "pred": -0.8310444951057434}, "1_2354$_$0": {"true": 1.0, "pred": 1.1071879863739014}, "1_6134$_$0": {"true": 1.0, "pred": 1.2751675844192505}, "1_7593$_$0": {"true": -1.0, "pred": 0.8457475900650024}, "1_213$_$0": {"true": 1.0, "pred": 0.18305303156375885}, "1_10810$_$0": {"true": -1.0, "pred": -0.4654162526130676}, "1_11236$_$0": {"true": -1.0, "pred": 0.45464032888412476}, "1_10849$_$0": {"true": -1.0, "pred": -0.9110972881317139}, "1_6860$_$0": {"true": -1.0, "pred": -0.7408063411712646}, "1_1466$_$0": {"true": 1.0, "pred": 1.3329240083694458}, "1_1003$_$0": {"true": 1.0, "pred": 1.2703726291656494}, "1_10190$_$0": {"true": -1.0, "pred": 0.10683870315551758}, "1_11306$_$0": {"true": -1.0, "pred": -0.5957094430923462}, "1_11224$_$0": {"true": 1.0, "pred": 0.8548769950866699}, "1_9003$_$0": {"true": -1.0, "pred": -0.8845443725585938}, "1_427$_$0": {"true": 1.0, "pred": 1.3150415420532227}, "1_9971$_$0": {"true": 1.0, "pred": -0.20147202908992767}, "1_80$_$0": {"true": -1.0, "pred": 1.0584508180618286}, "1_7722$_$0": {"true": 1.0, "pred": -0.9066399335861206}, "1_1180$_$0": {"true": 1.0, "pred": 1.069738745689392}, "1_8042$_$0": {"true": -1.0, "pred": -0.6592114567756653}, "1_1549$_$0": {"true": 1.0, "pred": 1.2601464986801147}, "1_8837$_$0": {"true": -1.0, "pred": 0.7849342823028564}, "1_11177$_$0": {"true": 1.0, "pred": -0.8517358899116516}, "1_12083$_$0": {"true": -1.0, "pred": 0.7732314467430115}, "1_467$_$0": {"true": -1.0, "pred": 0.1595379263162613}, "1_9009$_$0": {"true": -1.0, "pred": 1.0819721221923828}, "1_90$_$0": {"true": -1.0, "pred": 0.3273715674877167}, "1_5617$_$0": {"true": 1.0, "pred": 1.3415439128875732}, "1_6165$_$0": {"true": 1.0, "pred": 1.2030383348464966}, "1_8407$_$0": {"true": 1.0, "pred": -0.36359742283821106}, "1_11243$_$0": {"true": 1.0, "pred": 1.0181102752685547}, "1_12002$_$0": {"true": -1.0, "pred": 1.2102285623550415}, "1_182$_$0": {"true": 1.0, "pred": 1.3270901441574097}, "1_3069$_$0": {"true": -1.0, "pred": -0.9855448603630066}, "1_1560$_$0": {"true": 1.0, "pred": 1.3700318336486816}, "1_105$_$0": {"true": 1.0, "pred": 0.9667253494262695}, "1_1189$_$0": {"true": -1.0, "pred": 1.299271821975708}, "1_10462$_$0": {"true": 1.0, "pred": 0.6870430111885071}, "1_11526$_$0": {"true": -1.0, "pred": 0.6327521204948425}, "1_3545$_$0": {"true": 1.0, "pred": 1.3823226690292358}, "1_11913$_$0": {"true": 1.0, "pred": -0.7646745443344116}, "1_2819$_$0": {"true": 1.0, "pred": 0.8292043209075928}, "1_1478$_$0": {"true": 1.0, "pred": 1.2807562351226807}, "1_5156$_$0": {"true": 1.0, "pred": 1.2467067241668701}, "1_5964$_$0": {"true": 1.0, "pred": 0.5273991823196411}, "1_2853$_$0": {"true": 1.0, "pred": 1.1837774515151978}, "1_10859$_$0": {"true": -1.0, "pred": -0.723870575428009}, "1_4760$_$0": {"true": 1.0, "pred": 1.1659965515136719}, "1_5919$_$0": {"true": -1.0, "pred": 1.0474658012390137}, "1_5953$_$0": {"true": -1.0, "pred": 0.9558923840522766}, "1_5581$_$0": {"true": -1.0, "pred": 1.1213914155960083}, "1_7661$_$0": {"true": -1.0, "pred": -0.9033301472663879}, "1_4995$_$0": {"true": 1.0, "pred": 1.3326027393341064}, "1_2797$_$0": {"true": 1.0, "pred": 0.9468808174133301}, "1_3064$_$0": {"true": 1.0, "pred": 1.2459255456924438}, "1_4281$_$0": {"true": -1.0, "pred": -0.8519871234893799}, "1_11253$_$0": {"true": -1.0, "pred": -0.15425117313861847}, "1_3125$_$0": {"true": 1.0, "pred": 0.7912613153457642}, "1_536$_$0": {"true": 1.0, "pred": -0.839734673500061}, "1_1144$_$0": {"true": 1.0, "pred": 1.3339180946350098}, "1_10004$_$0": {"true": -1.0, "pred": -0.901969313621521}, "1_1722$_$0": {"true": -1.0, "pred": 1.1764158010482788}, "1_1484$_$0": {"true": -1.0, "pred": 1.2537368535995483}, "1_2842$_$0": {"true": -1.0, "pred": 1.254677176475525}, "1_1262$_$0": {"true": -1.0, "pred": -0.003525580745190382}, "1_4031$_$0": {"true": 1.0, "pred": 0.20007207989692688}, "1_9668$_$0": {"true": -1.0, "pred": 0.4075407087802887}, "1_7341$_$0": {"true": -1.0, "pred": 1.1619216203689575}, "1_1296$_$0": {"true": 1.0, "pred": 1.283301591873169}, "1_11257$_$0": {"true": -1.0, "pred": -0.6689150929450989}, "1_5786$_$0": {"true": -1.0, "pred": 0.113290935754776}, "1_9245$_$0": {"true": -1.0, "pred": -0.9224367141723633}, "1_5699$_$0": {"true": 1.0, "pred": 1.2695223093032837}, "1_4603$_$0": {"true": -1.0, "pred": 1.0671392679214478}, "1_2580$_$0": {"true": 1.0, "pred": 1.221114993095398}, "1_2575$_$0": {"true": -1.0, "pred": 0.1267702877521515}}