{"1_11526$_$0": {"true": -1.0, "pred": 0.0032669072970747948}, "1_182$_$0": {"true": 1.0, "pred": 0.8557065725326538}, "1_11243$_$0": {"true": 1.0, "pred": -0.03388311341404915}, "1_10462$_$0": {"true": 1.0, "pred": -0.25457078218460083}, "1_4281$_$0": {"true": -1.0, "pred": -0.5088784098625183}, "1_10829$_$0": {"true": 1.0, "pred": -0.03949348255991936}, "1_7089$_$0": {"true": 1.0, "pred": -0.038732465356588364}, "1_7661$_$0": {"true": -1.0, "pred": -0.35539689660072327}, "1_3842$_$0": {"true": -1.0, "pred": 0.23705601692199707}, "1_9003$_$0": {"true": -1.0, "pred": 0.12907616794109344}, "1_11913$_$0": {"true": 1.0, "pred": -0.5589795708656311}, "1_9009$_$0": {"true": -1.0, "pred": 0.5149211883544922}, "1_11306$_$0": {"true": -1.0, "pred": -0.4661639928817749}, "1_7575$_$0": {"true": 1.0, "pred": 0.43116000294685364}, "1_7281$_$0": {"true": 1.0, "pred": 0.35543638467788696}, "1_1466$_$0": {"true": 1.0, "pred": 0.7473198175430298}, "1_11253$_$0": {"true": -1.0, "pred": 0.43583521246910095}, "1_506$_$0": {"true": -1.0, "pred": 0.5940245985984802}, "1_7186$_$0": {"true": -1.0, "pred": -0.3011817932128906}, "1_4031$_$0": {"true": 1.0, "pred": -0.22166457772254944}, "1_1180$_$0": {"true": 1.0, "pred": 0.10619594901800156}, "1_7641$_$0": {"true": -1.0, "pred": -0.156356543302536}, "1_4743$_$0": {"true": 1.0, "pred": -0.039428986608982086}, "1_2819$_$0": {"true": 1.0, "pred": 0.6851921677589417}, "1_11046$_$0": {"true": -1.0, "pred": 0.3168223202228546}, "1_4760$_$0": {"true": 1.0, "pred": 0.11343895643949509}, "1_10496$_$0": {"true": 1.0, "pred": -0.026592444628477097}, "1_7490$_$0": {"true": -1.0, "pred": -0.025610830634832382}, "1_1484$_$0": {"true": -1.0, "pred": -0.10238620638847351}, "1_213$_$0": {"true": 1.0, "pred": 0.540306568145752}, "1_2423$_$0": {"true": -1.0, "pred": 0.44343242049217224}, "1_6472$_$0": {"true": 1.0, "pred": 0.18770527839660645}, "1_12083$_$0": {"true": -1.0, "pred": 0.1788814216852188}, "1_3545$_$0": {"true": 1.0, "pred": 0.17839376628398895}, "1_507$_$0": {"true": 1.0, "pred": 0.3423580229282379}, "1_971$_$0": {"true": 1.0, "pred": 1.2085659503936768}, "1_7341$_$0": {"true": -1.0, "pred": 0.21950848400592804}, "1_4290$_$0": {"true": -1.0, "pred": -0.47525736689567566}, "1_6370$_$0": {"true": 1.0, "pred": -0.24542196094989777}, "1_2354$_$0": {"true": 1.0, "pred": 0.18008504807949066}, "1_1549$_$0": {"true": 1.0, "pred": 0.536529541015625}, "1_5058$_$0": {"true": 1.0, "pred": 0.03870820626616478}, "1_2853$_$0": {"true": 1.0, "pred": 0.5851969718933105}, "1_5699$_$0": {"true": 1.0, "pred": 0.6939654350280762}, "1_1772$_$0": {"true": 1.0, "pred": 0.3485274612903595}, "1_5953$_$0": {"true": -1.0, "pred": -0.30440253019332886}, "1_8078$_$0": {"true": -1.0, "pred": -0.1634071171283722}, "1_1478$_$0": {"true": 1.0, "pred": 0.4585220515727997}, "1_2842$_$0": {"true": -1.0, "pred": 0.2172081023454666}, "1_6165$_$0": {"true": 1.0, "pred": -0.0384070947766304}, "1_6426$_$0": {"true": 1.0, "pred": -0.10157431662082672}, "1_7722$_$0": {"true": 1.0, "pred": 0.0024571800604462624}, "1_5679$_$0": {"true": 1.0, "pred": 0.6796965003013611}, "1_11378$_$0": {"true": 1.0, "pred": 0.07509052008390427}, "1_5572$_$0": {"true": 1.0, "pred": 0.06155487522482872}, "1_8042$_$0": {"true": -1.0, "pred": -0.4070485830307007}, "1_60$_$0": {"true": 1.0, "pred": 0.7043551802635193}, "1_1189$_$0": {"true": -1.0, "pred": 0.7033132910728455}, "1_672$_$0": {"true": -1.0, "pred": -0.00837527122348547}, "1_10004$_$0": {"true": -1.0, "pred": 0.0659903958439827}, "1_536$_$0": {"true": 1.0, "pred": -0.3346330523490906}, "1_6065$_$0": {"true": 1.0, "pred": 0.049061454832553864}, "1_9245$_$0": {"true": -1.0, "pred": -0.367911696434021}, "1_80$_$0": {"true": -1.0, "pred": 1.1328760385513306}, "1_7442$_$0": {"true": -1.0, "pred": -0.11249586194753647}, "1_4995$_$0": {"true": 1.0, "pred": 0.2373858541250229}, "1_1722$_$0": {"true": -1.0, "pred": -0.05682038143277168}, "1_4792$_$0": {"true": -1.0, "pred": -0.11513068526983261}, "1_8417$_$0": {"true": -1.0, "pred": -0.37061139941215515}, "1_11529$_$0": {"true": -1.0, "pred": -0.13628989458084106}, "1_3064$_$0": {"true": 1.0, "pred": -0.032434407621622086}, "1_162$_$0": {"true": -1.0, "pred": 0.46781009435653687}, "1_90$_$0": {"true": -1.0, "pred": -0.08226310461759567}, "1_4352$_$0": {"true": -1.0, "pred": 0.19024761021137238}, "1_1560$_$0": {"true": 1.0, "pred": 0.24525155127048492}, "1_6211$_$0": {"true": -1.0, "pred": 0.1908191293478012}, "1_10859$_$0": {"true": -1.0, "pred": 0.3788818120956421}, "1_3599$_$0": {"true": -1.0, "pred": 0.2774454355239868}, "1_11236$_$0": {"true": -1.0, "pred": -0.5100532174110413}, "1_10190$_$0": {"true": -1.0, "pred": -0.23570552468299866}, "1_10977$_$0": {"true": -1.0, "pred": -0.1105419471859932}, "1_2198$_$0": {"true": 1.0, "pred": 0.20670820772647858}, "1_2580$_$0": {"true": 1.0, "pred": 0.22554367780685425}, "1_6683$_$0": {"true": 1.0, "pred": -0.16324254870414734}, "1_10849$_$0": {"true": -1.0, "pred": -0.4798119068145752}, "1_9668$_$0": {"true": -1.0, "pred": -0.0738198384642601}, "1_7593$_$0": {"true": -1.0, "pred": -0.42562705278396606}, "1_10810$_$0": {"true": -1.0, "pred": -0.3163110017776489}, "1_175$_$0": {"true": 1.0, "pred": 0.8185268044471741}, "1_9594$_$0": {"true": -1.0, "pred": -0.2123706191778183}, "1_11257$_$0": {"true": -1.0, "pred": 0.35114893317222595}, "1_1296$_$0": {"true": 1.0, "pred": 0.7502730488777161}, "1_11901$_$0": {"true": 1.0, "pred": -0.34787917137145996}, "1_2797$_$0": {"true": 1.0, "pred": 0.5668056011199951}, "1_5156$_$0": {"true": 1.0, "pred": 0.18459147214889526}, "1_467$_$0": {"true": -1.0, "pred": -0.0032892851158976555}, "1_6134$_$0": {"true": 1.0, "pred": 0.22404450178146362}, "1_5919$_$0": {"true": -1.0, "pred": -0.019234228879213333}, "1_6020$_$0": {"true": 1.0, "pred": 0.1687193661928177}, "1_6860$_$0": {"true": -1.0, "pred": -0.38302579522132874}, "1_6766$_$0": {"true": -1.0, "pred": 0.15521328151226044}, "1_8407$_$0": {"true": 1.0, "pred": -0.22427932918071747}, "1_9971$_$0": {"true": 1.0, "pred": -0.004262047819793224}, "1_5580$_$0": {"true": 1.0, "pred": 0.29969242215156555}, "1_3293$_$0": {"true": 1.0, "pred": 0.22562171518802643}, "1_11177$_$0": {"true": 1.0, "pred": -0.35236799716949463}, "1_4850$_$0": {"true": -1.0, "pred": -0.38856375217437744}, "1_8837$_$0": {"true": -1.0, "pred": 0.1057954728603363}, "1_105$_$0": {"true": 1.0, "pred": 0.5913126468658447}, "1_5581$_$0": {"true": -1.0, "pred": 0.6459294557571411}, "1_6032$_$0": {"true": 1.0, "pred": -0.023605162277817726}, "1_4603$_$0": {"true": -1.0, "pred": -0.14681845903396606}, "1_1003$_$0": {"true": 1.0, "pred": 0.33952796459198}, "1_5964$_$0": {"true": 1.0, "pred": 0.03749143332242966}, "1_3125$_$0": {"true": 1.0, "pred": -0.197902113199234}, "1_3287$_$0": {"true": 1.0, "pred": 0.7974463701248169}, "1_11924$_$0": {"true": 1.0, "pred": 0.19399552047252655}, "1_6534$_$0": {"true": -1.0, "pred": 0.32818710803985596}, "1_6113$_$0": {"true": -1.0, "pred": -0.21404314041137695}, "1_11224$_$0": {"true": 1.0, "pred": -0.014875964261591434}, "1_1144$_$0": {"true": 1.0, "pred": 0.46437740325927734}, "1_5571$_$0": {"true": 1.0, "pred": 0.3073556125164032}, "1_427$_$0": {"true": 1.0, "pred": 0.704901933670044}, "1_3837$_$0": {"true": -1.0, "pred": 0.44671130180358887}, "1_11120$_$0": {"true": -1.0, "pred": -0.06508918106555939}, "1_6504$_$0": {"true": 1.0, "pred": -0.04503246024250984}, "1_3333$_$0": {"true": -1.0, "pred": 0.49298611283302307}, "1_12002$_$0": {"true": -1.0, "pred": 0.19271694123744965}, "1_5617$_$0": {"true": 1.0, "pred": 0.812926173210144}, "1_7487$_$0": {"true": -1.0, "pred": 0.21193666756153107}, "1_2575$_$0": {"true": -1.0, "pred": 0.24477432668209076}, "1_1262$_$0": {"true": -1.0, "pred": -0.13149341940879822}, "1_5786$_$0": {"true": -1.0, "pred": 0.05603494495153427}, "1_3069$_$0": {"true": -1.0, "pred": 0.3569343388080597}, "1_3840$_$0": {"true": -1.0, "pred": 0.07830468565225601}, "1_4286$_$0": {"true": -1.0, "pred": -0.18353146314620972}}